{"v":"5.7.4","fr":30,"ip":0,"op":176,"w":1806,"h":667,"nm":"hello animation","ddd":1,"assets":[],"fonts":{"list":[{"fName":"Factoria-Thin","fFamily":"Factoria","fStyle":"Thin","ascent":72.9995727539063}]},"layers":[{"ddd":1,"ind":1,"ty":4,"nm":"Shape Layer 1","sr":1,"ks":{"o":{"a":1,"k":[{"i":{"x":[0.2],"y":[1]},"o":{"x":[0.167],"y":[0]},"t":1,"s":[35]},{"i":{"x":[0.833],"y":[1]},"o":{"x":[0.158],"y":[0]},"t":20,"s":[100]},{"i":{"x":[0.16],"y":[1]},"o":{"x":[0.8],"y":[0]},"t":132,"s":[100]},{"t":152.25,"s":[0]}],"ix":11},"rx":{"a":0,"k":0,"ix":8},"ry":{"a":0,"k":0,"ix":9},"rz":{"a":0,"k":0,"ix":10},"or":{"a":0,"k":[0,0,0],"ix":7},"p":{"a":0,"k":[749,279.5,0],"ix":2},"a":{"a":0,"k":[0,0,0],"ix":1},"s":{"a":0,"k":[100,100,100],"ix":6}},"ao":0,"shapes":[{"ty":"gr","it":[{"ind":0,"ty":"sh","ix":1,"ks":{"a":1,"k":[{"i":{"x":0.833,"y":0.833},"o":{"x":0.167,"y":0.167},"t":1,"s":[{"i":[[0,0],[334.945,-195.078],[-305.936,174.193],[-192,68],[114.78,-19.698]],"o":[[0,0],[-182,106],[418,-238],[25.367,-8.984],[-343.407,58.933]],"v":[[-614,348],[230,208],[-400,166],[672,192],[627.802,85.088]],"c":false}]},{"i":{"x":0.833,"y":0.833},"o":{"x":0.167,"y":0.167},"t":73,"s":[{"i":[[0,0],[334.945,-195.078],[-305.936,174.193],[-44,98],[114.78,-19.698]],"o":[[0,0],[-182.001,106],[418,-238],[11.022,-24.55],[-343.407,58.933]],"v":[[-614,348],[230,208],[-400,166],[628,90],[451.802,89.088]],"c":false}]},{"i":{"x":0.833,"y":0.833},"o":{"x":0.167,"y":0.167},"t":203,"s":[{"i":[[0,0],[334.945,-195.078],[-305.936,174.193],[-44,98],[144.129,-11.232]],"o":[[0,0],[-182.001,106],[418,-238],[11.022,-24.55],[-431.216,33.603]],"v":[[-614,348],[266,256],[-338,188],[940,180],[714.873,164.974]],"c":false}]},{"i":{"x":0.833,"y":0.833},"o":{"x":0.167,"y":0.167},"t":227,"s":[{"i":[[0,0],[334.945,-195.078],[-305.936,174.193],[-44,98],[139.614,2.879]],"o":[[0,0],[-182.001,106],[418,-238],[11.022,-24.55],[-417.707,-8.613]],"v":[[-614,348],[244,286],[-338,188],[892,330],[674.401,291.451]],"c":false}]},{"t":254,"s":[{"i":[[0,0],[334.944,-195.078],[-305.936,174.193],[-99.835,-39.66],[254,86]],"o":[[0,0],[-182.001,106],[418,-238],[146,58],[-254,-86]],"v":[[-614,348],[244,286],[-338,188],[628,324],[628,86]],"c":false}]}],"ix":2},"nm":"Path 1","mn":"ADBE Vector Shape - Group","hd":false},{"ty":"st","c":{"a":0,"k":[0,0,0,1],"ix":3},"o":{"a":0,"k":100,"ix":4},"w":{"a":0,"k":10,"ix":5},"lc":2,"lj":2,"bm":0,"nm":"Stroke 1","mn":"ADBE Vector Graphic - Stroke","hd":false},{"ty":"tr","p":{"a":0,"k":[0,0],"ix":2},"a":{"a":0,"k":[0,0],"ix":1},"s":{"a":0,"k":[100,100],"ix":3},"r":{"a":0,"k":0,"ix":6},"o":{"a":0,"k":100,"ix":7},"sk":{"a":0,"k":0,"ix":4},"sa":{"a":0,"k":0,"ix":5},"nm":"Transform"}],"nm":"Shape 1","np":3,"cix":2,"bm":0,"ix":1,"mn":"ADBE Vector Group","hd":false},{"ty":"tm","s":{"a":1,"k":[{"i":{"x":[0.25],"y":[1]},"o":{"x":[0.167],"y":[0.158]},"t":2,"s":[100]},{"i":{"x":[0.25],"y":[1]},"o":{"x":[0.397],"y":[0]},"t":60,"s":[0]},{"i":{"x":[0.833],"y":[0.842]},"o":{"x":[0.75],"y":[0]},"t":197,"s":[0]},{"t":255,"s":[100]}],"ix":1},"e":{"a":1,"k":[{"i":{"x":[0.833],"y":[0.833]},"o":{"x":[0.167],"y":[0.167]},"t":3,"s":[100]},{"i":{"x":[0.833],"y":[0.833]},"o":{"x":[0.167],"y":[0.167]},"t":11,"s":[84]},{"i":{"x":[0.833],"y":[0.833]},"o":{"x":[0.167],"y":[0.167]},"t":19,"s":[65]},{"i":{"x":[0.833],"y":[0.833]},"o":{"x":[0.167],"y":[0.167]},"t":27,"s":[49]},{"i":{"x":[0.833],"y":[0.833]},"o":{"x":[0.167],"y":[0.167]},"t":36,"s":[38]},{"i":{"x":[0.833],"y":[0.833]},"o":{"x":[0.167],"y":[0.167]},"t":44,"s":[31]},{"i":{"x":[0.833],"y":[0.833]},"o":{"x":[0.167],"y":[0.167]},"t":60,"s":[0]},{"i":{"x":[0.833],"y":[0.833]},"o":{"x":[0.167],"y":[0.167]},"t":197,"s":[0]},{"i":{"x":[0.833],"y":[0.833]},"o":{"x":[0.167],"y":[0.167]},"t":213,"s":[31]},{"i":{"x":[0.833],"y":[0.833]},"o":{"x":[0.167],"y":[0.167]},"t":221,"s":[38]},{"i":{"x":[0.833],"y":[0.833]},"o":{"x":[0.167],"y":[0.167]},"t":230,"s":[49]},{"i":{"x":[0.833],"y":[0.833]},"o":{"x":[0.167],"y":[0.167]},"t":238,"s":[65]},{"i":{"x":[0.833],"y":[0.833]},"o":{"x":[0.167],"y":[0.167]},"t":246,"s":[84]},{"t":254,"s":[100]}],"ix":2},"o":{"a":0,"k":0,"ix":3},"m":1,"ix":2,"nm":"Trim Paths 1","mn":"ADBE Vector Filter - Trim","hd":false}],"ip":0,"op":7115,"st":0,"bm":0},{"ddd":1,"ind":2,"ty":5,"nm":"O","sr":1,"ks":{"o":{"a":1,"k":[{"i":{"x":[0.2],"y":[1]},"o":{"x":[0.84],"y":[0]},"t":17.4,"s":[0]},{"i":{"x":[0.833],"y":[1]},"o":{"x":[0.157],"y":[0]},"t":37.65,"s":[100]},{"i":{"x":[0.16],"y":[1]},"o":{"x":[0.8],"y":[0]},"t":133.35,"s":[100]},{"t":153.599609375,"s":[0]}],"ix":11},"rx":{"a":0,"k":0,"ix":8},"ry":{"a":0,"k":0,"ix":9},"rz":{"a":0,"k":0,"ix":10},"or":{"a":0,"k":[0,0,0],"ix":7},"p":{"a":0,"k":[1379.904,352.5,0],"ix":2},"a":{"a":0,"k":[-21.92,-28,0],"ix":1},"s":{"a":1,"k":[{"i":{"x":[0.25,0.25,0.25],"y":[1,1,1]},"o":{"x":[0.167,0.167,0.167],"y":[0.167,104.167,104.167]},"t":31.298,"s":[0,625,100]},{"i":{"x":[0.833,0.833,0.833],"y":[1,1,1]},"o":{"x":[0.173,0.173,0.173],"y":[0,0,0]},"t":67,"s":[625,625,100]},{"i":{"x":[0.833,0.833,0.833],"y":[0.833,105.167,105.167]},"o":{"x":[0.75,0.75,0.75],"y":[0,0,0]},"t":115,"s":[625,625,100]},{"t":150.7021484375,"s":[0,625,100]}],"ix":6}},"ao":0,"t":{"d":{"k":[{"s":{"s":80,"f":"Factoria-Thin","t":"O","j":2,"tr":0,"lh":96,"ls":0,"fc":[0.039,0.038,0.038]},"t":0}]},"p":{},"m":{"g":1,"a":{"a":0,"k":[0,0],"ix":2}},"a":[]},"ip":6,"op":7121,"st":6,"bm":0},{"ddd":1,"ind":3,"ty":5,"nm":"L 2","sr":1,"ks":{"o":{"a":1,"k":[{"i":{"x":[0.2],"y":[1]},"o":{"x":[0.84],"y":[0]},"t":16.05,"s":[0]},{"i":{"x":[0.833],"y":[1]},"o":{"x":[0.157],"y":[0]},"t":36.3,"s":[100]},{"i":{"x":[0.16],"y":[1]},"o":{"x":[0.8],"y":[0]},"t":134.7,"s":[100]},{"t":154.9501953125,"s":[0]}],"ix":11},"rx":{"a":0,"k":0,"ix":8},"ry":{"a":0,"k":0,"ix":9},"rz":{"a":0,"k":0,"ix":10},"or":{"a":0,"k":[0,0,0],"ix":7},"p":{"a":0,"k":[1083.313,352.5,0],"ix":2},"a":{"a":0,"k":[-25.12,-28,0],"ix":1},"s":{"a":1,"k":[{"i":{"x":[0.25,0.25,0.25],"y":[1,1,1]},"o":{"x":[0.167,0.167,0.167],"y":[0.167,104.167,104.167]},"t":25.983,"s":[0,625,100]},{"i":{"x":[0.833,0.833,0.833],"y":[1,1,1]},"o":{"x":[0.166,0.166,0.166],"y":[0,0,0]},"t":61.687,"s":[625,625,100]},{"i":{"x":[0.833,0.833,0.833],"y":[0.833,105.167,105.167]},"o":{"x":[0.75,0.75,0.75],"y":[0,0,0]},"t":120.313,"s":[625,625,100]},{"t":156.0166015625,"s":[0,625,100]}],"ix":6}},"ao":0,"t":{"d":{"k":[{"s":{"s":80,"f":"Factoria-Thin","t":"L","j":2,"tr":0,"lh":96,"ls":0,"fc":[0.039,0.038,0.038]},"t":0}]},"p":{},"m":{"g":1,"a":{"a":0,"k":[0,0],"ix":2}},"a":[]},"ip":5,"op":7120,"st":5,"bm":0},{"ddd":1,"ind":4,"ty":5,"nm":"L","sr":1,"ks":{"o":{"a":1,"k":[{"i":{"x":[0.2],"y":[1]},"o":{"x":[0.84],"y":[0]},"t":14.7,"s":[0]},{"i":{"x":[0.833],"y":[1]},"o":{"x":[0.157],"y":[0]},"t":34.95,"s":[100]},{"i":{"x":[0.16],"y":[1]},"o":{"x":[0.8],"y":[0]},"t":136.05,"s":[100]},{"t":156.2998046875,"s":[0]}],"ix":11},"rx":{"a":0,"k":0,"ix":8},"ry":{"a":0,"k":0,"ix":9},"rz":{"a":0,"k":0,"ix":10},"or":{"a":0,"k":[0,0,0],"ix":7},"p":{"a":0,"k":[817.313,352.5,0],"ix":2},"a":{"a":0,"k":[-25.12,-28,0],"ix":1},"s":{"a":1,"k":[{"i":{"x":[0.25,0.25,0.25],"y":[1,1,1]},"o":{"x":[0.167,0.167,0.167],"y":[0.167,104.167,104.167]},"t":21.983,"s":[0,625,100]},{"i":{"x":[0.833,0.833,0.833],"y":[1,1,1]},"o":{"x":[0.163,0.163,0.163],"y":[0,0,0]},"t":57.687,"s":[625,625,100]},{"i":{"x":[0.833,0.833,0.833],"y":[0.833,105.167,105.167]},"o":{"x":[0.75,0.75,0.75],"y":[0,0,0]},"t":124.313,"s":[625,625,100]},{"t":160.0166015625,"s":[0,625,100]}],"ix":6}},"ao":0,"t":{"d":{"k":[{"s":{"s":80,"f":"Factoria-Thin","t":"L","j":2,"tr":0,"lh":96,"ls":0,"fc":[0.039,0.038,0.038]},"t":0}]},"p":{},"m":{"g":1,"a":{"a":0,"k":[0,0],"ix":2}},"a":[]},"ip":1,"op":7116,"st":1,"bm":0},{"ddd":1,"ind":5,"ty":5,"nm":"E","sr":1,"ks":{"o":{"a":1,"k":[{"i":{"x":[0.2],"y":[1]},"o":{"x":[0.84],"y":[0]},"t":13.35,"s":[0]},{"i":{"x":[0.833],"y":[1]},"o":{"x":[0.157],"y":[0]},"t":33.6,"s":[100]},{"i":{"x":[0.16],"y":[1]},"o":{"x":[0.8],"y":[0]},"t":137.4,"s":[100]},{"t":157.650390625,"s":[0]}],"ix":11},"rx":{"a":0,"k":0,"ix":8},"ry":{"a":0,"k":0,"ix":9},"rz":{"a":0,"k":0,"ix":10},"or":{"a":0,"k":[0,0,0],"ix":7},"p":{"a":0,"k":[532.23,352.5,0],"ix":2},"a":{"a":0,"k":[-21.64,-28,0],"ix":1},"s":{"a":1,"k":[{"i":{"x":[0.25,0.25,0.25],"y":[1,1,1]},"o":{"x":[0.167,0.167,0.167],"y":[0.167,104.167,104.167]},"t":15.255,"s":[0,625,100]},{"i":{"x":[0.833,0.833,0.833],"y":[1,1,1]},"o":{"x":[0.16,0.16,0.16],"y":[0,0,0]},"t":50.958,"s":[625,625,100]},{"i":{"x":[0.833,0.833,0.833],"y":[0.833,105.167,105.167]},"o":{"x":[0.75,0.75,0.75],"y":[0,0,0]},"t":131.042,"s":[625,625,100]},{"t":166.7451171875,"s":[0,625,100]}],"ix":6}},"ao":0,"t":{"d":{"k":[{"s":{"s":80,"f":"Factoria-Thin","t":"E","j":2,"tr":0,"lh":96,"ls":0,"fc":[0.039,0.038,0.038]},"t":0}]},"p":{},"m":{"g":1,"a":{"a":0,"k":[0,0],"ix":2}},"a":[]},"ip":0,"op":7115,"st":0,"bm":0},{"ddd":1,"ind":6,"ty":5,"nm":"H","sr":1,"ks":{"o":{"a":1,"k":[{"i":{"x":[0.2],"y":[1]},"o":{"x":[0.84],"y":[0]},"t":12,"s":[0]},{"i":{"x":[0.833],"y":[1]},"o":{"x":[0.157],"y":[0]},"t":32.25,"s":[100]},{"i":{"x":[0.16],"y":[1]},"o":{"x":[0.8],"y":[0]},"t":138.75,"s":[100]},{"t":159,"s":[0]}],"ix":11},"rx":{"a":0,"k":0,"ix":8},"ry":{"a":0,"k":0,"ix":9},"rz":{"a":0,"k":0,"ix":10},"or":{"a":0,"k":[0,0,0],"ix":7},"p":{"a":0,"k":[202.646,352.5,0],"ix":2},"a":{"a":0,"k":[-21.92,-28,0],"ix":1},"s":{"a":1,"k":[{"i":{"x":[0.25,0.25,0.25],"y":[1,1,1]},"o":{"x":[0.167,0.167,0.167],"y":[0.167,104.167,104.167]},"t":10,"s":[0,625,100]},{"i":{"x":[0.833,0.833,0.833],"y":[1,1,1]},"o":{"x":[0.159,0.159,0.159],"y":[0,0,0]},"t":45.702,"s":[625,625,100]},{"i":{"x":[0.833,0.833,0.833],"y":[0.833,105.167,105.167]},"o":{"x":[0.75,0.75,0.75],"y":[0,0,0]},"t":136.298,"s":[625,625,100]},{"t":172,"s":[0,625,100]}],"ix":6}},"ao":0,"t":{"d":{"k":[{"s":{"s":80,"f":"Factoria-Thin","t":"H","j":2,"tr":0,"lh":96,"ls":0,"fc":[0.039,0.038,0.038]},"t":0}]},"p":{},"m":{"g":1,"a":{"a":0,"k":[0,0],"ix":2}},"a":[]},"ip":0,"op":7115,"st":0,"bm":0}],"markers":[],"chars":[{"ch":"H","size":80,"style":"Thin","w":75.4,"data":{"shapes":[{"ty":"gr","it":[{"ind":0,"ty":"sh","ix":1,"ks":{"a":0,"k":{"i":[[0,0],[0,0],[0,0],[0,0],[0,0],[0,0],[0,0],[0,0],[0,0],[0,0],[0,0],[0,0],[0,0],[0,0],[0,0],[0,0],[0,0],[0,0],[0,0],[0,0],[0,0],[0,0],[0,0],[0,0],[0,0],[0,0],[0,0],[0,0]],"o":[[0,0],[0,0],[0,0],[0,0],[0,0],[0,0],[0,0],[0,0],[0,0],[0,0],[0,0],[0,0],[0,0],[0,0],[0,0],[0,0],[0,0],[0,0],[0,0],[0,0],[0,0],[0,0],[0,0],[0,0],[0,0],[0,0],[0,0],[0,0]],"v":[[71.2,-70],[48.8,-70],[48.8,-67.8],[58.8,-67.8],[58.8,-38.1],[16.6,-38.1],[16.6,-67.8],[26.6,-67.8],[26.6,-70],[4.2,-70],[4.2,-67.8],[14.2,-67.8],[14.2,-2.2],[4.2,-2.2],[4.2,0],[26.6,0],[26.6,-2.2],[16.6,-2.2],[16.6,-35.9],[58.8,-35.9],[58.8,-2.2],[48.8,-2.2],[48.8,0],[71.2,0],[71.2,-2.2],[61.2,-2.2],[61.2,-67.8],[71.2,-67.8]],"c":true},"ix":2},"nm":"H","mn":"ADBE Vector Shape - Group","hd":false}],"nm":"H","np":3,"cix":2,"bm":0,"ix":1,"mn":"ADBE Vector Group","hd":false}]},"fFamily":"Factoria"},{"ch":"E","size":80,"style":"Thin","w":62.5,"data":{"shapes":[{"ty":"gr","it":[{"ind":0,"ty":"sh","ix":1,"ks":{"a":0,"k":{"i":[[0,0],[0,0],[0,0],[0,0],[0,0],[0,0],[0,0],[0,0],[0,0],[0,0],[0,0],[0,0],[0,0],[0,0],[0,0],[0,0],[0,0],[0,0],[0,0],[0,0]],"o":[[0,0],[0,0],[0,0],[0,0],[0,0],[0,0],[0,0],[0,0],[0,0],[0,0],[0,0],[0,0],[0,0],[0,0],[0,0],[0,0],[0,0],[0,0],[0,0],[0,0]],"v":[[55.7,-70],[4.2,-70],[4.2,-67.8],[14.2,-67.8],[14.2,-2.2],[4.2,-2.2],[4.2,0],[55.7,0],[55.7,-16],[53.3,-16],[53.3,-2.2],[16.6,-2.2],[16.6,-34.8],[50.1,-34.8],[50.1,-37],[16.6,-37],[16.6,-67.8],[53.3,-67.8],[53.3,-54],[55.7,-54]],"c":true},"ix":2},"nm":"E","mn":"ADBE Vector Shape - Group","hd":false}],"nm":"E","np":3,"cix":2,"bm":0,"ix":1,"mn":"ADBE Vector Group","hd":false}]},"fFamily":"Factoria"},{"ch":"L","size":80,"style":"Thin","w":59.2,"data":{"shapes":[{"ty":"gr","it":[{"ind":0,"ty":"sh","ix":1,"ks":{"a":0,"k":{"i":[[0,0],[0,0],[0,0],[0,0],[0,0],[0,0],[0,0],[0,0],[0,0],[0,0],[0,0],[0,0],[0,0],[0,0]],"o":[[0,0],[0,0],[0,0],[0,0],[0,0],[0,0],[0,0],[0,0],[0,0],[0,0],[0,0],[0,0],[0,0],[0,0]],"v":[[52.4,-18],[52.4,-2.2],[16.6,-2.2],[16.6,-67.8],[27.4,-67.8],[27.4,-70],[4.2,-70],[4.2,-67.8],[14.2,-67.8],[14.2,-2.2],[4.2,-2.2],[4.2,0],[54.8,0],[54.8,-18]],"c":true},"ix":2},"nm":"L","mn":"ADBE Vector Shape - Group","hd":false}],"nm":"L","np":3,"cix":2,"bm":0,"ix":1,"mn":"ADBE Vector Group","hd":false}]},"fFamily":"Factoria"},{"ch":"O","size":80,"style":"Thin","w":64.1,"data":{"shapes":[{"ty":"gr","it":[{"ind":0,"ty":"sh","ix":1,"ks":{"a":0,"k":{"i":[[0,10.134],[0,0],[10.133,0],[0,0],[0,-10.133],[0,0],[-10.134,0],[0,0]],"o":[[0,0],[0,-10.133],[0,0],[-10.134,0],[0,0],[0,10.134],[0,0],[10.133,0]],"v":[[56.3,-15.2],[56.3,-54.8],[41.1,-70],[23,-70],[7.8,-54.8],[7.8,-15.2],[23,0],[41.1,0]],"c":true},"ix":2},"nm":"O","mn":"ADBE Vector Shape - Group","hd":false},{"ind":1,"ty":"sh","ix":2,"ks":{"a":0,"k":{"i":[[-8.534,0],[0,0],[0,-8.533],[0,0],[8.533,0],[0,0],[0,8.534],[0,0]],"o":[[0,0],[8.533,0],[0,0],[0,8.534],[0,0],[-8.534,0],[0,0],[0,-8.533]],"v":[[23,-67.8],[41.1,-67.8],[53.9,-55],[53.9,-15],[41.1,-2.2],[23,-2.2],[10.2,-15],[10.2,-55]],"c":true},"ix":2},"nm":"O","mn":"ADBE Vector Shape - Group","hd":false}],"nm":"O","np":5,"cix":2,"bm":0,"ix":1,"mn":"ADBE Vector Group","hd":false}]},"fFamily":"Factoria"}]}